:START_ID,:END_ID,:TYPE,evidence:STRING,figure:STRING,pubmed1:STRING,pubmed2:STRING,references:STRING,comments:STRING
sp_abiotrophia_defectiva,sub_lactic_acid,PRODUCES,experimental,S4,n/a,n/a,"Bergey's Manual of Systematic Bacteriology, Vol. 3-5, Edn. 2nd.",Data retrived from review and not original research article.
sp_abiotrophia_defectiva,sub_l_cysteine,USES,experimental,S4,n/a,n/a,"Bergey's Manual of Systematic Bacteriology, Vol. 3-5, Edn. 2nd.",Data retrived from review and not original research article.
sp_abiotrophia_defectiva,sub_pyridoxal,USES,experimental,S4,n/a,n/a,"Bergey's Manual of Systematic Bacteriology, Vol. 3-5, Edn. 2nd.",Data retrived from review and not original research article.
sp_actinomaces_sp_otu_14,sub_fucosidase,PRODUCES,prediction,S4,n/a,n/a,"Bergey's Manual of Systematic Bacteriology, Vol. 3-5, Edn. 2nd.",Prediction based on the characteristics of related A. naselundii. Data retrived from review and not original research article. Some.
sp_actinomaces_sp_otu_14,sub_lactic_acid,PRODUCES,prediction,S4,n/a,n/a,"Bergey's Manual of Systematic Bacteriology, Vol. 3-5, Edn. 2nd.",Prediction based on the characteristics of related A. naselundii. Data retrived from review and not original research article.
sp_actinomaces_sp_otu_14,sub_menaquinone,PRODUCES,prediction,,n/a,n/a,Fernandez1987 10.1111/j.1574-6968.1987.tb02191.x,Prediction based on the characteristics of Actinomyces genus.Tetrahydrogenated menaquinones with ten isoprene units [MK-10(H4)] are the major respiratory quinones.
sp_actinomaces_sp_otu_14,sub_nitrite,PRODUCES,prediction,S4,n/a,n/a,"Bergey's Manual of Systematic Bacteriology, Vol. 3-5, Edn. 2nd.",Prediction based on the characteristics of related A. naselundii. Data retrived from review and not original research article.
sp_actinomaces_sp_otu_14,sub_nitrate,USES,prediction,S4,n/a,n/a,"Bergey's Manual of Systematic Bacteriology, Vol. 3-5, Edn. 2nd.",Prediction based on the characteristics of related A. naselundii. Data retrived from review and not original research article.
sp_actinomyces_israelii,sub_oxygen,IS_INHIBITED_BY,experimental,S4,n/a,n/a,"Bergey's Manual of Systematic Bacteriology, Vol. 3-5, Edn. 2nd.",Data retrived from review and not original research article.
sp_actinomyces_israelii,sub_lactic_acid,PRODUCES,experimental,S4,n/a,n/a,"Bergey's Manual of Systematic Bacteriology, Vol. 3-5, Edn. 2nd.",Data retrived from review and not original research article.
sp_actinomyces_israelii,sub_menaquinone,PRODUCES,experimental,,n/a,n/a,Fernandez1987 10.1111/j.1574-6968.1987.tb02191.x,Tetrahydrogenated menaquinones with ten isoprene units [MK-10(H4)] are the major respiratory quinones.
sp_actinomyces_israelii,sub_nitrite,PRODUCES,experimental,S4,n/a,n/a,"Bergey's Manual of Systematic Bacteriology, Vol. 3-5, Edn. 2nd.",Data retrived from review and not original research article. Usually.
sp_actinomyces_israelii,sub_adenine,USES,experimental,S4,n/a,n/a,"Bergey's Manual of Systematic Bacteriology, Vol. 3-5, Edn. 2nd.",Data retrived from review and not original research article.
sp_actinomyces_israelii,sub_nitrate,USES,experimental,S4,n/a,n/a,"Bergey's Manual of Systematic Bacteriology, Vol. 3-5, Edn. 2nd.",Data retrived from review and not original research article. Usually.
sp_actinomyces_israelii,sub_thymine,USES,experimental,S4,n/a,n/a,"Bergey's Manual of Systematic Bacteriology, Vol. 3-5, Edn. 2nd.",Data retrived from review and not original research article.
sp_actinomyces_oris,sub_fucosidase,PRODUCES,experimental,S4,n/a,n/a,"Bergey's Manual of Systematic Bacteriology, Vol. 3-5, Edn. 2nd.",Data retrived from review and not original research article. Some.
sp_actinomyces_oris,sub_lactic_acid,PRODUCES,experimental,S4,n/a,n/a,"Bergey's Manual of Systematic Bacteriology, Vol. 3-5, Edn. 2nd.",Data retrived from review and not original research article.
sp_actinomyces_oris,sub_menaquinone,PRODUCES,prediction,,n/a,n/a,Fernandez1987 10.1111/j.1574-6968.1987.tb02191.x,Prediction based on the characteristics of Actinomyces genus.Tetrahydrogenated menaquinones with ten isoprene units [MK-10(H4)] are the major respiratory quinones.
sp_actinomyces_oris,sub_nitrite,PRODUCES,experimental,S4,n/a,n/a,"Bergey's Manual of Systematic Bacteriology, Vol. 3-5, Edn. 2nd.",Data retrived from review and not original research article. Variable.
sp_actinomyces_oris,sub_nitrate,USES,experimental,S4,n/a,n/a,"Bergey's Manual of Systematic Bacteriology, Vol. 3-5, Edn. 2nd.",Data retrived from review and not original research article. Variable.
sp_actinomyces_sp_hmt_169,sub_fucosidase,PRODUCES,prediction,S4,n/a,n/a,"Bergey's Manual of Systematic Bacteriology, Vol. 3-5, Edn. 2nd.",Prediction based on the characteristics of related A. naselundii. Data retrived from review and not original research article. Some.
sp_actinomyces_sp_hmt_169,sub_lactic_acid,PRODUCES,prediction,S4,n/a,n/a,"Bergey's Manual of Systematic Bacteriology, Vol. 3-5, Edn. 2nd.",Prediction based on the characteristics of related A. naselundii. Data retrived from review and not original research article.
sp_actinomyces_sp_hmt_169,sub_menaquinone,PRODUCES,prediction,,n/a,n/a,Fernandez1987 10.1111/j.1574-6968.1987.tb02191.x,Prediction based on the characteristics of Actinomyces genus.Tetrahydrogenated menaquinones with ten isoprene units [MK-10(H4)] are the major respiratory quinones.
sp_actinomyces_sp_hmt_169,sub_nitrite,PRODUCES,prediction,S4,n/a,n/a,"Bergey's Manual of Systematic Bacteriology, Vol. 3-5, Edn. 2nd.",Prediction based on the characteristics of related A. naselundii. Data retrived from review and not original research article.
sp_actinomyces_sp_hmt_169,sub_nitrate,USES,prediction,S4,n/a,n/a,"Bergey's Manual of Systematic Bacteriology, Vol. 3-5, Edn. 2nd.",Prediction based on the characteristics of related A. naselundii. Data retrived from review and not original research article.
sp_aggregatibacter_aphrophilus,sub_proto_porphyrin,PRODUCES,experimental,7c,https://pubmed.ncbi.nlm.nih.gov/16957111/,n/a,NørskovLauritsen2006 10.1099/ijs.0.64207-0,
sp_aggregatibacter_aphrophilus,sub_alkaline_phosphatase,PRODUCES,experimental,7c,https://pubmed.ncbi.nlm.nih.gov/16957111/,n/a,NørskovLauritsen2006 10.1099/ijs.0.64207-0,
sp_aggregatibacter_aphrophilus,sub_beta_galactosidase,PRODUCES,experimental,7c,https://pubmed.ncbi.nlm.nih.gov/16957111/,n/a,NørskovLauritsen2006 10.1099/ijs.0.64207-0,
sp_aggregatibacter_aphrophilus,sub_cell_aggregates,PRODUCES,experimental,7c,https://pubmed.ncbi.nlm.nih.gov/16957111/,n/a,NørskovLauritsen2006 10.1099/ijs.0.64207-0,
sp_aggregatibacter_aphrophilus,sub_nitrate_reductase,PRODUCES,experimental,7c,https://pubmed.ncbi.nlm.nih.gov/16957111/,n/a,NørskovLauritsen2006 10.1099/ijs.0.64207-0,
sp_aggregatibacter_aphrophilus,sub_nitrite,PRODUCES,experimental,7c,https://pubmed.ncbi.nlm.nih.gov/16957111/,n/a,NørskovLauritsen2006 10.1099/ijs.0.64207-0,
sp_aggregatibacter_aphrophilus,sub_alpha_lactose,USES,experimental,7c,https://pubmed.ncbi.nlm.nih.gov/16957111/,n/a,NørskovLauritsen2006 10.1099/ijs.0.64207-0,Fermentation.
sp_aggregatibacter_aphrophilus,sub_carbon_dioxide,USES,experimental,7c,https://pubmed.ncbi.nlm.nih.gov/16957111/,n/a,NørskovLauritsen2006 10.1099/ijs.0.64207-0,
sp_aggregatibacter_aphrophilus,sub_d_fructose,USES,experimental,7c,https://pubmed.ncbi.nlm.nih.gov/16957111/,n/a,NørskovLauritsen2006 10.1099/ijs.0.64207-0,Fermentation.
sp_aggregatibacter_aphrophilus,sub_d_galactose,USES,experimental,7c,https://pubmed.ncbi.nlm.nih.gov/16957111/,n/a,NørskovLauritsen2006 10.1099/ijs.0.64207-0,Fermentation.
sp_aggregatibacter_aphrophilus,sub_d_glucose,USES,experimental,7c,https://pubmed.ncbi.nlm.nih.gov/16957111/,n/a,NørskovLauritsen2006 10.1099/ijs.0.64207-0,Fermentation.
sp_aggregatibacter_aphrophilus,sub_d_maltose,USES,experimental,7c,https://pubmed.ncbi.nlm.nih.gov/16957111/,n/a,NørskovLauritsen2006 10.1099/ijs.0.64207-0,Fermentation.
sp_aggregatibacter_aphrophilus,sub_d_mannose,USES,experimental,7c,https://pubmed.ncbi.nlm.nih.gov/16957111/,n/a,NørskovLauritsen2006 10.1099/ijs.0.64207-0,Fermentation.
sp_aggregatibacter_aphrophilus,sub_hemin,USES,experimental,7c,https://pubmed.ncbi.nlm.nih.gov/16957111/,n/a,NørskovLauritsen2006 10.1099/ijs.0.64207-0,
sp_aggregatibacter_aphrophilus,sub_lactic_acid,USES,prediction,7c,https://pubmed.ncbi.nlm.nih.gov/19924225/,n/a,Brown2009 10.1371/journal.pone.0007864,Prediction based on the characteristics of related A. actinomycetemcomitnas species.
sp_aggregatibacter_aphrophilus,sub_maltotriose,USES,experimental,7c,https://pubmed.ncbi.nlm.nih.gov/16957111/,n/a,NørskovLauritsen2006 10.1099/ijs.0.64207-0,Fermentation.
sp_aggregatibacter_aphrophilus,sub_nicotinamide_adenine_dinucleotide,USES,experimental,7c,https://pubmed.ncbi.nlm.nih.gov/16957111/,n/a,NørskovLauritsen2006 10.1099/ijs.0.64207-0,
sp_aggregatibacter_aphrophilus,sub_nitrate,USES,experimental,7c,https://pubmed.ncbi.nlm.nih.gov/16957111/,n/a,NørskovLauritsen2006 10.1099/ijs.0.64207-0,
sp_aggregatibacter_aphrophilus,sub_raffinose,USES,experimental,7c,https://pubmed.ncbi.nlm.nih.gov/16957111/,n/a,NørskovLauritsen2006 10.1099/ijs.0.64207-0,Fermentation.
sp_aggregatibacter_aphrophilus,sub_sucrose,USES,experimental,7c,https://pubmed.ncbi.nlm.nih.gov/16957111/,n/a,NørskovLauritsen2006 10.1099/ijs.0.64207-0,Fermentation.
sp_aggregatibacter_aphrophilus,sub_trehalose,USES,experimental,7c,https://pubmed.ncbi.nlm.nih.gov/16957111/,n/a,NørskovLauritsen2006 10.1099/ijs.0.64207-0,Fermentation.
sp_alloscardovia_omnicolens,sub_oxygen,IS_INHIBITED_BY,experimental,S4,n/a,n/a,"Bergey's Manual of Systematic Bacteriology, Vol. 3-5, Edn. 2nd.",Data retrived from review and not original research article.
sp_alloscardovia_omnicolens,sub_lactic_acid,PRODUCES,prediction,S4,n/a,n/a,"Bergey's Manual of Systematic Bacteriology, Vol. 3-5, Edn. 2nd.",Prediction based on the characteristics of Bifidobacteriaceae family. Data retrived from review and not original research article.
sp_arachnia_propionica,sub_gelatine,DEGRADES,experimental,7c,n/a,n/a,"Bergey's Manual of Systematic Bacteriology, Vol. 3-5, Edn. 2nd.",Data retrived from review and not original research article.
sp_arachnia_propionica,sub_saccharibacteria_bacterium_hmt_488,IS_A_HOST_FOR,experimental,7c,https://pubmed.ncbi.nlm.nih.gov/32075512/,https://pubmed.ncbi.nlm.nih.gov/33209205/,Bor2020 10.1177/0022034520905792; Murugkar2020 10.1080/20002297.2020.1814666,
sp_arachnia_propionica,sub_saccharibacteria_bacterium_hmt_955,IS_A_HOST_FOR,experimental,7c,https://pubmed.ncbi.nlm.nih.gov/32075512/,https://pubmed.ncbi.nlm.nih.gov/33209205/,Bor2020 10.1177/0022034520905792; Murugkar2020 10.1080/20002297.2020.1814666,
sp_arachnia_propionica,sub_alpha_galactosidase,PRODUCES,experimental,7c,n/a,n/a,"Bergey's Manual of Systematic Bacteriology, Vol. 3-5, Edn. 2nd.",Data retrived from review and not original research article.
sp_arachnia_propionica,sub_alpha_glucosidase,PRODUCES,experimental,7c,n/a,n/a,"Bergey's Manual of Systematic Bacteriology, Vol. 3-5, Edn. 2nd.",Data retrived from review and not original research article.
sp_arachnia_propionica,sub_enzyme_degrading_geletine,PRODUCES,experimental,7c,n/a,n/a,"Bergey's Manual of Systematic Bacteriology, Vol. 3-5, Edn. 2nd.",Data retrived from review and not original research article.
sp_arachnia_propionica,sub_esterase_c4,PRODUCES,experimental,7c,n/a,n/a,"Bergey's Manual of Systematic Bacteriology, Vol. 3-5, Edn. 2nd.",Data retrived from review and not original research article.
sp_arachnia_propionica,sub_esterase_c8,PRODUCES,experimental,7c,n/a,n/a,"Bergey's Manual of Systematic Bacteriology, Vol. 3-5, Edn. 2nd.",Data retrived from review and not original research article.
sp_arachnia_propionica,sub_hyaluronidase,PRODUCES,experimental,7c,n/a,n/a,"Bergey's Manual of Systematic Bacteriology, Vol. 3-5, Edn. 2nd.",Data retrived from review and not original research article.
sp_arachnia_propionica,sub_menaquinone,PRODUCES,experimental,7c,n/a,n/a,Fernandez1987 10.1111/j.1574-6968.1987.tb02191.x,Tetrahydrogenated menaquinones with nine isoprene units [MK-9(H4)] are the major respiratory quinones.
sp_arachnia_propionica,sub_n_acetyl_beta_glucosaminidase,PRODUCES,experimental,7c,n/a,n/a,"Bergey's Manual of Systematic Bacteriology, Vol. 3-5, Edn. 2nd.",Data retrived from review and not original research article.
sp_arachnia_propionica,sub_nitrate_reductase,PRODUCES,experimental,7c,n/a,n/a,"Bergey's Manual of Systematic Bacteriology, Vol. 3-5, Edn. 2nd.",Data retrived from review and not original research article.
sp_arachnia_propionica,sub_nitrite,PRODUCES,experimental,7c,n/a,n/a,"Bergey's Manual of Systematic Bacteriology, Vol. 3-5, Edn. 2nd.",Data retrived from review and not original research article.
sp_arachnia_propionica,sub_propionic_acid,PRODUCES,experimental,7c,n/a,n/a,"Bergey's Manual of Systematic Bacteriology, Vol. 3-5, Edn. 2nd.",Data retrived from review and not original research article.
sp_arachnia_propionica,sub_alpha_lactose,USES,experimental,7c,n/a,n/a,"Bergey's Manual of Systematic Bacteriology, Vol. 3-5, Edn. 2nd.",Data retrived from review and not original research article.
sp_arachnia_propionica,sub_carbon_dioxide,USES,experimental,7c,n/a,n/a,"Bergey's Manual of Systematic Bacteriology, Vol. 3-5, Edn. 2nd.",Data retrived from review and not original research article.
sp_arachnia_propionica,sub_d_fructose,USES,experimental,7c,n/a,n/a,"Bergey's Manual of Systematic Bacteriology, Vol. 3-5, Edn. 2nd.",Data retrived from review and not original research article.
sp_arachnia_propionica,sub_d_galactose,USES,experimental,7c,n/a,n/a,"Bergey's Manual of Systematic Bacteriology, Vol. 3-5, Edn. 2nd.",Data retrived from review and not original research article.
sp_arachnia_propionica,sub_d_glucose,USES,experimental,7c,n/a,n/a,"Bergey's Manual of Systematic Bacteriology, Vol. 3-5, Edn. 2nd.",Data retrived from review and not original research article.
sp_arachnia_propionica,sub_d_maltose,USES,experimental,7c,n/a,n/a,"Bergey's Manual of Systematic Bacteriology, Vol. 3-5, Edn. 2nd.",Data retrived from review and not original research article.
sp_arachnia_propionica,sub_d_mannose,USES,experimental,7c,n/a,n/a,"Bergey's Manual of Systematic Bacteriology, Vol. 3-5, Edn. 2nd.",Data retrived from review and not original research article.
sp_arachnia_propionica,sub_lactic_acid,USES,experimental,7c,n/a,n/a,"Bergey's Manual of Systematic Bacteriology, Vol. 3-5, Edn. 2nd.",Data retrived from review and not original research article.
sp_arachnia_propionica,sub_nitrate,USES,experimental,7c,n/a,n/a,"Bergey's Manual of Systematic Bacteriology, Vol. 3-5, Edn. 2nd.",Data retrived from review and not original research article.
sp_arachnia_propionica,sub_raffinose,USES,experimental,7c,n/a,n/a,"Bergey's Manual of Systematic Bacteriology, Vol. 3-5, Edn. 2nd.",Data retrived from review and not original research article.
sp_arachnia_propionica,sub_salicin,USES,experimental,7c,n/a,n/a,"Bergey's Manual of Systematic Bacteriology, Vol. 3-5, Edn. 2nd.",Data retrived from review and not original research article.
sp_arachnia_propionica,sub_starch,USES,experimental,7c,n/a,n/a,"Bergey's Manual of Systematic Bacteriology, Vol. 3-5, Edn. 2nd.",Data retrived from review and not original research article.
sp_arachnia_propionica,sub_sucrose,USES,experimental,7c,n/a,n/a,"Bergey's Manual of Systematic Bacteriology, Vol. 3-5, Edn. 2nd.",Data retrived from review and not original research article.
sp_arachnia_propionica,sub_trehalose,USES,experimental,7c,n/a,n/a,"Bergey's Manual of Systematic Bacteriology, Vol. 3-5, Edn. 2nd.",Data retrived from review and not original research article.
sp_bifidobacterium_dentium,sub_oxygen,IS_INHIBITED_BY,experimental,S4,n/a,n/a,"Bergey's Manual of Systematic Bacteriology, Vol. 3-5, Edn. 2nd.",Data retrived from review and not original research article.
sp_bifidobacterium_dentium,sub_amino_acids,PRODUCES,experimental,S4,n/a,n/a,"Bergey's Manual of Systematic Bacteriology, Vol. 3-5, Edn. 2nd.",Data retrived from review and not original research article.
sp_bifidobacterium_dentium,sub_lactic_acid,PRODUCES,experimental,S4,n/a,n/a,"Bergey's Manual of Systematic Bacteriology, Vol. 3-5, Edn. 2nd.",Data retrived from review and not original research article.
sp_bifidobacterium_dentium,sub_menaquinone,USES,experimental,S4,https://pubmed.ncbi.nlm.nih.gov/17953607/,n/a,Hojo2007 10.1111/j.1365-2672.2007.03436.x,"The growth of most Bifidobacterium isolates, except that of B. urinalis, was stimulated by vitamin K."
sp_bifidobacterium_dentium,sub_pantothenic_acid,USES,experimental,S4,n/a,n/a,"Bergey's Manual of Systematic Bacteriology, Vol. 3-5, Edn. 2nd.",Data retrived from review and not original research article.
sp_bifidobacterium_dentium,sub_riboflavin,USES,experimental,S4,n/a,n/a,"Bergey's Manual of Systematic Bacteriology, Vol. 3-5, Edn. 2nd.",Data retrived from review and not original research article.
sp_bifidobacterium_longum,sub_oxygen,IS_INHIBITED_BY,experimental,S4,n/a,n/a,"Bergey's Manual of Systematic Bacteriology, Vol. 3-5, Edn. 2nd.",Data retrived from review and not original research article.
sp_bifidobacterium_longum,sub_amino_acids,PRODUCES,experimental,S4,n/a,n/a,"Bergey's Manual of Systematic Bacteriology, Vol. 3-5, Edn. 2nd.",Data retrived from review and not original research article.
sp_bifidobacterium_longum,sub_lactic_acid,PRODUCES,experimental,S4,n/a,n/a,"Bergey's Manual of Systematic Bacteriology, Vol. 3-5, Edn. 2nd.",Data retrived from review and not original research article.
sp_bifidobacterium_longum,sub_menaquinone,USES,experimental,S4,https://pubmed.ncbi.nlm.nih.gov/17953607/,n/a,Hojo2007 10.1111/j.1365-2672.2007.03436.x,"The growth of most Bifidobacterium isolates, except that of B. urinalis, was stimulated by vitamin K."
sp_capnocytophaga_leadbetteri,sub_carbon_dioxide,USES,prediction,S4,n/a,n/a,"Bergey's Manual of Systematic Bacteriology, Vol. 3-5, Edn. 2nd.",Prediction based on the characteristics of Capnocytophaga genus. Data retrived from review and not original research article.
sp_capnocytophaga_sputigena,sub_oxygen,IS_INHIBITED_BY,experimental,S4,n/a,n/a,"Bergey's Manual of Systematic Bacteriology, Vol. 3-5, Edn. 2nd.",Data retrived from review and not original research article.
sp_capnocytophaga_sputigena,sub_nitrite,PRODUCES,experimental,S4,n/a,n/a,"Bergey's Manual of Systematic Bacteriology, Vol. 3-5, Edn. 2nd.",Data retrived from review and not original research article.
sp_capnocytophaga_sputigena,sub_peptides,PRODUCES,experimental,S4,n/a,n/a,"Bergey's Manual of Systematic Bacteriology, Vol. 3-5, Edn. 2nd.",Data retrived from review and not original research article.
sp_capnocytophaga_sputigena,sub_carbon_dioxide,USES,experimental,S4,n/a,n/a,"Bergey's Manual of Systematic Bacteriology, Vol. 3-5, Edn. 2nd.",Data retrived from review and not original research article.
sp_capnocytophaga_sputigena,sub_nitrate,USES,experimental,S4,n/a,n/a,"Bergey's Manual of Systematic Bacteriology, Vol. 3-5, Edn. 2nd.",Data retrived from review and not original research article.
sp_corynebacterium_matruchotii,sub_gelatine,DEGRADES,experimental,7c,n/a,n/a,"Bergey's Manual of Systematic Bacteriology, Vol. 3-5, Edn. 2nd.",Data retrived from review and not original research article.
sp_corynebacterium_matruchotii,sub_hydrogen_peroxide,DEGRADES,experimental,7c,https://pubmed.ncbi.nlm.nih.gov/37610230/,n/a,Almeida2023 10.1128/msystems.00115-23,C. matruchotii enhanced the fitness of streptococci dependent on its ability to detoxify streptococcal-produced hydrogen peroxide and its ability to oxidize lactate also produced by streptococci.
sp_corynebacterium_matruchotii,sub_alkaline_phosphatase,PRODUCES,experimental,7c,n/a,n/a,"Bergey's Manual of Systematic Bacteriology, Vol. 3-5, Edn. 2nd.",Data retrived from review and not original research article.
sp_corynebacterium_matruchotii,sub_biofilm_scaffold,PRODUCES,experimental,7c,n/a,n/a,"Bergey's Manual of Systematic Bacteriology, Vol. 3-5, Edn. 2nd.",Data retrived from review and not original research article.
sp_corynebacterium_matruchotii,sub_catalase,PRODUCES,experimental,7c,https://pubmed.ncbi.nlm.nih.gov/37610230/,n/a,Almeida2023 10.1128/msystems.00115-23,Catalase was maximally expressed aerobically and not expressed anaerobically. C. matruchotii ΔkatA had to be generated entirely under anaerobic conditions and does not survive incubation in aerobic or microaerophilic conditions.
sp_corynebacterium_matruchotii,sub_enzyme_degrading_geletine,PRODUCES,experimental,7c,n/a,n/a,"Bergey's Manual of Systematic Bacteriology, Vol. 3-5, Edn. 2nd.",Data retrived from review and not original research article.
sp_corynebacterium_matruchotii,sub_menaquinone,PRODUCES,experimental,7c,n/a,n/a,"Bergey's Manual of Systematic Bacteriology, Vol. 3-5, Edn. 2nd.",Data retrived from review and not original research article.
sp_corynebacterium_matruchotii,sub_nitrate_reductase,PRODUCES,experimental,7c,n/a,n/a,"Bergey's Manual of Systematic Bacteriology, Vol. 3-5, Edn. 2nd.",Data retrived from review and not original research article.
sp_corynebacterium_matruchotii,sub_nitrite,PRODUCES,experimental,7c,n/a,n/a,"Bergey's Manual of Systematic Bacteriology, Vol. 3-5, Edn. 2nd.",Data retrived from review and not original research article.
sp_corynebacterium_matruchotii,sub_propionic_acid,PRODUCES,experimental,7c,n/a,n/a,"Bergey's Manual of Systematic Bacteriology, Vol. 3-5, Edn. 2nd.",Data retrived from review and not original research article.
sp_corynebacterium_matruchotii,sub_dextrin,USES,experimental,7c,n/a,n/a,"Bergey's Manual of Systematic Bacteriology, Vol. 3-5, Edn. 2nd.",Fermentation. Data retrived from review and not original research article.
sp_corynebacterium_matruchotii,sub_d_fructose,USES,experimental,7c,n/a,n/a,"Bergey's Manual of Systematic Bacteriology, Vol. 3-5, Edn. 2nd.",Fermentation. Data retrived from review and not original research article.
sp_corynebacterium_matruchotii,sub_d_glucose,USES,experimental,7c,n/a,n/a,"Bergey's Manual of Systematic Bacteriology, Vol. 3-5, Edn. 2nd.",Fermentation. Data retrived from review and not original research article.
sp_corynebacterium_matruchotii,sub_d_maltose,USES,experimental,7c,n/a,n/a,"Bergey's Manual of Systematic Bacteriology, Vol. 3-5, Edn. 2nd.",Fermentation. Data retrived from review and not original research article.
sp_corynebacterium_matruchotii,sub_d_mannose,USES,experimental,7c,n/a,n/a,"Bergey's Manual of Systematic Bacteriology, Vol. 3-5, Edn. 2nd.",Fermentation. Data retrived from review and not original research article.
sp_corynebacterium_matruchotii,sub_lactic_acid,USES,experimental,7c,https://pubmed.ncbi.nlm.nih.gov/37610230/,n/a,Almeida2023 10.1128/msystems.00115-23,C. matruchotii enhanced the fitness of streptococci dependent on its ability to detoxify streptococcal-produced hydrogen peroxide and its ability to oxidize lactate also produced by streptococci.
sp_corynebacterium_matruchotii,sub_nitrate,USES,experimental,7c,n/a,n/a,"Bergey's Manual of Systematic Bacteriology, Vol. 3-5, Edn. 2nd.",Data retrived from review and not original research article.
sp_corynebacterium_matruchotii,sub_raffinose,USES,experimental,7c,n/a,n/a,"Bergey's Manual of Systematic Bacteriology, Vol. 3-5, Edn. 2nd.",Fermentation. Data retrived from review and not original research article.
sp_corynebacterium_matruchotii,sub_salicin,USES,experimental,7c,n/a,n/a,"Bergey's Manual of Systematic Bacteriology, Vol. 3-5, Edn. 2nd.",Fermentation. Data retrived from review and not original research article.
sp_corynebacterium_matruchotii,sub_starch,USES,experimental,7c,n/a,n/a,"Bergey's Manual of Systematic Bacteriology, Vol. 3-5, Edn. 2nd.",Fermentation. Data retrived from review and not original research article.
sp_corynebacterium_matruchotii,sub_sucrose,USES,experimental,7c,n/a,n/a,"Bergey's Manual of Systematic Bacteriology, Vol. 3-5, Edn. 2nd.",Fermentation. Data retrived from review and not original research article.
sp_eikenalla_corodens,sub_nitric_oxide,PRODUCES,experimental,S4,n/a,n/a,"Bergey's Manual of Systematic Bacteriology, Vol. 3-5, Edn. 2nd.",Data retrived from review and not original research article.
sp_eikenalla_corodens,sub_nitrite,PRODUCES,experimental,S4,n/a,n/a,"Bergey's Manual of Systematic Bacteriology, Vol. 3-5, Edn. 2nd.",Data retrived from review and not original research article.
sp_eikenalla_corodens,sub_proline_aminopeptidase,PRODUCES,experimental,S4,n/a,n/a,"Bergey's Manual of Systematic Bacteriology, Vol. 3-5, Edn. 2nd.",Data retrived from review and not original research article.
sp_eikenalla_corodens,sub_carbon_dioxide,USES,experimental,S4,n/a,n/a,"Bergey's Manual of Systematic Bacteriology, Vol. 3-5, Edn. 2nd.",Data retrived from review and not original research article.
sp_eikenalla_corodens,sub_hemin,USES,experimental,S4,n/a,n/a,"Bergey's Manual of Systematic Bacteriology, Vol. 3-5, Edn. 2nd.",Data retrived from review and not original research article.
sp_eikenalla_corodens,sub_nitrate,USES,experimental,S4,n/a,n/a,"Bergey's Manual of Systematic Bacteriology, Vol. 3-5, Edn. 2nd.",Data retrived from review and not original research article.
sp_eikenalla_corodens,sub_nitrite,USES,experimental,S4,n/a,n/a,"Bergey's Manual of Systematic Bacteriology, Vol. 3-5, Edn. 2nd.",Data retrived from review and not original research article.
sp_eikenalla_corodens,sub_oxygen,USES,experimental,S4,n/a,n/a,"Bergey's Manual of Systematic Bacteriology, Vol. 3-5, Edn. 2nd.",Data retrived from review and not original research article.
sp_fusobacterium_sp_otu_27,sub_oxygen,IS_INHIBITED_BY,prediction,S4,n/a,n/a,"Bergey's Manual of Systematic Bacteriology, Vol. 3-5, Edn. 2nd.",Prediction based on the characteristics of Fusobacterium genus. Data retrived from review and not original research article.
sp_fusobacterium_sp_otu_27,sub_butyric_acid,PRODUCES,prediction,S4,n/a,n/a,"Bergey's Manual of Systematic Bacteriology, Vol. 3-5, Edn. 2nd.",Prediction based on the characteristics of Fusobacterium genus. Data retrived from review and not original research article.
sp_fusobacterium_sp_otu_27,sub_hydrogen_sulfide,PRODUCES,prediction,S4,n/a,n/a,"Bergey's Manual of Systematic Bacteriology, Vol. 3-5, Edn. 2nd.",Prediction based on the characteristics of Fusobacterium genus. Data retrived from review and not original research article.
sp_fusobacterium_sp_otu_27,sub_indole,PRODUCES,prediction,S4,n/a,n/a,"Bergey's Manual of Systematic Bacteriology, Vol. 3-5, Edn. 2nd.",Prediction based on the characteristics of Fusobacterium genus. Data retrived from review and not original research article.
sp_fusobacterium_sp_otu_27,sub_l_cysteine,USES,prediction,S4,n/a,n/a,"Bergey's Manual of Systematic Bacteriology, Vol. 3-5, Edn. 2nd.",Prediction based on the characteristics of Fusobacterium genus. Data retrived from review and not original research article.
sp_fusobacterium_sp_otu_27,sub_l_lysine,USES,prediction,S4,https://pubmed.ncbi.nlm.nih.gov/35852319/,n/a,Sakanaka2022 10.1128/msystems.00170-22,Prediction based on the characteristics of Fusobacterium genus.
sp_fusobacterium_sp_otu_27,sub_l_ornithine,USES,prediction,S4,https://pubmed.ncbi.nlm.nih.gov/35852319/,n/a,Sakanaka2022 10.1128/msystems.00170-22,Prediction based on the characteristics of Fusobacterium genus.
sp_granulicatella_adiacens,sub_lactic_acid,PRODUCES,experimental,S4,n/a,n/a,"Bergey's Manual of Systematic Bacteriology, Vol. 3-5, Edn. 2nd.",Data retrived from review and not original research article.
sp_granulicatella_adiacens,sub_l_cysteine,USES,experimental,S4,n/a,n/a,"Bergey's Manual of Systematic Bacteriology, Vol. 3-5, Edn. 2nd.",Data retrived from review and not original research article.
sp_granulicatella_adiacens,sub_pyridoxal,USES,experimental,S4,n/a,n/a,"Bergey's Manual of Systematic Bacteriology, Vol. 3-5, Edn. 2nd.",Data retrived from review and not original research article.
sp_haemophilus_parainfluenzae,sub_catalase,PRODUCES,experimental,S4,n/a,n/a,"Bergey's Manual of Systematic Bacteriology, Vol. 3-5, Edn. 2nd.",Data retrived from review and not original research article. Variable.
sp_haemophilus_parainfluenzae,sub_nitrite,PRODUCES,experimental,S4,n/a,n/a,"Bergey's Manual of Systematic Bacteriology, Vol. 3-5, Edn. 2nd.",Data retrived from review and not original research article.
sp_haemophilus_parainfluenzae,sub_urease,PRODUCES,experimental,S4,n/a,n/a,"Bergey's Manual of Systematic Bacteriology, Vol. 3-5, Edn. 2nd.",Data retrived from review and not original research article. Variable.
sp_haemophilus_parainfluenzae,sub_fumaric_acid,USES,experimental,S4,n/a,n/a,"Bergey's Manual of Systematic Bacteriology, Vol. 3-5, Edn. 2nd.",Data retrived from review and not original research article.
sp_haemophilus_parainfluenzae,sub_nitrate,USES,experimental,S4,n/a,n/a,"Bergey's Manual of Systematic Bacteriology, Vol. 3-5, Edn. 2nd.",Data retrived from review and not original research article.
sp_haemophilus_parainfluenzae,sub_oxygen,USES,experimental,S4,n/a,n/a,"Bergey's Manual of Systematic Bacteriology, Vol. 3-5, Edn. 2nd.",Data retrived from review and not original research article.
sp_haemophilus_parainfluenzae,sub_v_factor,USES,experimental,S4,n/a,n/a,"Bergey's Manual of Systematic Bacteriology, Vol. 3-5, Edn. 2nd.",Data retrived from review and not original research article.
sp_kingella_oralis,sub_hydrogen_sulfide,PRODUCES,experimental,S4,n/a,n/a,"Bergey's Manual of Systematic Bacteriology, Vol. 3-5, Edn. 2nd.",Data retrived from review and not original research article.
sp_kingella_oralis,sub_carbon_dioxide,USES,prediction,S4,n/a,n/a,"Bergey's Manual of Systematic Bacteriology, Vol. 3-5, Edn. 2nd.",Prediction based on the characteristics of Kingella genus. Data retrived from review and not original research article.
sp_kingella_oralis,sub_nitrite,USES,experimental,S4,n/a,n/a,"Bergey's Manual of Systematic Bacteriology, Vol. 3-5, Edn. 2nd.",Data retrived from review and not original research article.
sp_kingella_oralis,sub_oxygen,USES,experimental,S4,n/a,n/a,"Bergey's Manual of Systematic Bacteriology, Vol. 3-5, Edn. 2nd.",Data retrived from review and not original research article.
sp_lactobacillus_sp_otu_19,sub_oxygen,IS_INHIBITED_BY,prediction,S4,n/a,n/a,"Bergey's Manual of Systematic Bacteriology, Vol. 3-5, Edn. 2nd.",Prediction based on the characteristics of related L. paracasei. Data retrived from review and not original research article.
sp_lactobacillus_sp_otu_19,sub_lactic_acid,PRODUCES,prediction,S4,n/a,n/a,"Bergey's Manual of Systematic Bacteriology, Vol. 3-5, Edn. 2nd.",Prediction based on the characteristics of related L. paracasei. Data retrived from review and not original research article.
sp_lactobacillus_sp_otu_19,sub_carbon_dioxide,USES,prediction,S4,n/a,n/a,"Bergey's Manual of Systematic Bacteriology, Vol. 3-5, Edn. 2nd.",Prediction based on the characteristics of related L. paracasei. Data retrived from review and not original research article.
sp_lactobacillus_sp_otu_19,sub_oxygen,USES,prediction,S4,n/a,n/a,"Bergey's Manual of Systematic Bacteriology, Vol. 3-5, Edn. 2nd.",Prediction based on the characteristics of related L. paracasei. Data retrived from review and not original research article.
sp_lactobacillus_sp_otu_6,sub_oxygen,IS_INHIBITED_BY,prediction,S4,n/a,n/a,"Bergey's Manual of Systematic Bacteriology, Vol. 3-5, Edn. 2nd.",Prediction based on the characteristics of related L. pentosus. Data retrived from review and not original research article. Variable
sp_lactobacillus_sp_otu_6,sub_ammonia,PRODUCES,prediction,S4,n/a,n/a,"Bergey's Manual of Systematic Bacteriology, Vol. 3-5, Edn. 2nd.",Prediction based on the characteristics of related L. pentosus. Data retrived from review and not original research article.
sp_lactobacillus_sp_otu_6,sub_catechol,PRODUCES,prediction,S4,n/a,n/a,"Bergey's Manual of Systematic Bacteriology, Vol. 3-5, Edn. 2nd.",Prediction based on the characteristics of related L. pentosus. Data retrived from review and not original research article.
sp_lactobacillus_sp_otu_6,sub_lactic_acid,PRODUCES,prediction,S4,n/a,n/a,"Bergey's Manual of Systematic Bacteriology, Vol. 3-5, Edn. 2nd.",Prediction based on the characteristics of related L. pentosus. Data retrived from review and not original research article.
sp_lactobacillus_sp_otu_6,sub_carbon_dioxide,USES,prediction,S4,n/a,n/a,"Bergey's Manual of Systematic Bacteriology, Vol. 3-5, Edn. 2nd.",Prediction based on the characteristics of related L. pentosus. Data retrived from review and not original research article.
sp_lactobacillus_sp_otu_6,sub_lactic_acid,USES,prediction,S4,n/a,n/a,"Bergey's Manual of Systematic Bacteriology, Vol. 3-5, Edn. 2nd.",Prediction based on the characteristics of related L. pentosus. Data retrived from review and not original research article.
sp_lactobacillus_sp_otu_6,sub_nitrite,USES,prediction,S4,n/a,n/a,"Bergey's Manual of Systematic Bacteriology, Vol. 3-5, Edn. 2nd.",Prediction based on the characteristics of related L. pentosus. Data retrived from review and not original research article. Variable
sp_lactobacillus_sp_otu_6,sub_oxygen,USES,prediction,S4,n/a,n/a,"Bergey's Manual of Systematic Bacteriology, Vol. 3-5, Edn. 2nd.",Prediction based on the characteristics of related L. pentosus. Data retrived from review and not original research article. Variable
sp_lactobacillus_sp_otu_6,sub_shikimic_acid,USES,prediction,S4,n/a,n/a,"Bergey's Manual of Systematic Bacteriology, Vol. 3-5, Edn. 2nd.",Prediction based on the characteristics of related L. pentosus. Data retrived from review and not original research article. Variable
sp_lancefieldella_parvulae,sub_oxygen,IS_INHIBITED_BY,experimental,S4,n/a,n/a,"Bergey's Manual of Systematic Bacteriology, Vol. 3-5, Edn. 2nd.",Data retrived from review and not original research article.
sp_lancefieldella_parvulae,sub_lactic_acid,PRODUCES,experimental,S4,n/a,n/a,"Bergey's Manual of Systematic Bacteriology, Vol. 3-5, Edn. 2nd.",Data retrived from review and not original research article.
sp_lancefieldella_rimae,sub_oxygen,IS_INHIBITED_BY,experimental,S4,n/a,n/a,"Bergey's Manual of Systematic Bacteriology, Vol. 3-5, Edn. 2nd.",Data retrived from review and not original research article.
sp_lancefieldella_rimae,sub_lactic_acid,PRODUCES,experimental,S4,n/a,n/a,"Bergey's Manual of Systematic Bacteriology, Vol. 3-5, Edn. 2nd.",Data retrived from review and not original research article.
sp_lautropia_mirabilis,sub_hydrogen_peroxide,DEGRADES,experimental,7c,https://pubmed.ncbi.nlm.nih.gov/8075812/,n/a,GernerSmidt1994 10.1099/13500872-140-7-1787,
sp_lautropia_mirabilis,sub_acid,PRODUCES,experimental,7c,https://pubmed.ncbi.nlm.nih.gov/8075812/,n/a,GernerSmidt1994 10.1099/13500872-140-7-1787,
sp_lautropia_mirabilis,sub_ammonia,PRODUCES,experimental,7c,https://pubmed.ncbi.nlm.nih.gov/8075812/,n/a,GernerSmidt1994 10.1099/13500872-140-7-1787,
sp_lautropia_mirabilis,sub_beta_xylosidase,PRODUCES,experimental,7c,https://pubmed.ncbi.nlm.nih.gov/8075812/,n/a,GernerSmidt1994 10.1099/13500872-140-7-1787,
sp_lautropia_mirabilis,sub_capsule,PRODUCES,experimental,7c,https://pubmed.ncbi.nlm.nih.gov/8075812/,n/a,GernerSmidt1994 10.1099/13500872-140-7-1787,
sp_lautropia_mirabilis,sub_catalase,PRODUCES,experimental,7c,https://pubmed.ncbi.nlm.nih.gov/8075812/,n/a,GernerSmidt1994 10.1099/13500872-140-7-1787,Weakly catalase positive.
sp_lautropia_mirabilis,sub_cell_aggregates,PRODUCES,experimental,7c,https://pubmed.ncbi.nlm.nih.gov/8075812/,n/a,GernerSmidt1994 10.1099/13500872-140-7-1787,Often occurring in clusters of 10 to 100 cells.
sp_lautropia_mirabilis,sub_enzyme_generating_polysacharide_from_sucorse,PRODUCES,experimental,7c,https://pubmed.ncbi.nlm.nih.gov/8075812/,n/a,GernerSmidt1994 10.1099/13500872-140-7-1787,
sp_lautropia_mirabilis,sub_flagella,PRODUCES,experimental,7c,https://pubmed.ncbi.nlm.nih.gov/8075812/,n/a,GernerSmidt1994 10.1099/13500872-140-7-1787,
sp_lautropia_mirabilis,sub_nitrate_reductase,PRODUCES,experimental,7c,https://pubmed.ncbi.nlm.nih.gov/8075812/,n/a,GernerSmidt1994 10.1099/13500872-140-7-1787,
sp_lautropia_mirabilis,sub_nitrite,PRODUCES,experimental,7c,https://pubmed.ncbi.nlm.nih.gov/8075812/,n/a,GernerSmidt1994 10.1099/13500872-140-7-1787,
sp_lautropia_mirabilis,sub_nitrite_reductase,PRODUCES,experimental,7c,https://pubmed.ncbi.nlm.nih.gov/8075812/,n/a,GernerSmidt1994 10.1099/13500872-140-7-1787,
sp_lautropia_mirabilis,sub_oxidase,PRODUCES,experimental,7c,https://pubmed.ncbi.nlm.nih.gov/8075812/,n/a,GernerSmidt1994 10.1099/13500872-140-7-1787,
sp_lautropia_mirabilis,sub_polysacharide,PRODUCES,experimental,7c,https://pubmed.ncbi.nlm.nih.gov/8075812/,n/a,GernerSmidt1994 10.1099/13500872-140-7-1787,
sp_lautropia_mirabilis,sub_urease,PRODUCES,experimental,7c,https://pubmed.ncbi.nlm.nih.gov/8075812/,n/a,GernerSmidt1994 10.1099/13500872-140-7-1787,
sp_lautropia_mirabilis,sub_d_fructose,USES,experimental,7c,https://pubmed.ncbi.nlm.nih.gov/8075812/,n/a,GernerSmidt1994 10.1099/13500872-140-7-1787,Fermentation.
sp_lautropia_mirabilis,sub_d_galactose,USES,experimental,7c,https://pubmed.ncbi.nlm.nih.gov/8075812/,n/a,GernerSmidt1994 10.1099/13500872-140-7-1787,Fermentation.
sp_lautropia_mirabilis,sub_d_glucose,USES,experimental,7c,https://pubmed.ncbi.nlm.nih.gov/8075812/,n/a,GernerSmidt1994 10.1099/13500872-140-7-1787,Fermentation.
sp_lautropia_mirabilis,sub_d_maltose,USES,experimental,7c,https://pubmed.ncbi.nlm.nih.gov/8075812/,n/a,GernerSmidt1994 10.1099/13500872-140-7-1787,Fermentation.
sp_lautropia_mirabilis,sub_growth_factors,USES,experimental,7c,https://pubmed.ncbi.nlm.nih.gov/8075812/,n/a,GernerSmidt1994 10.1099/13500872-140-7-1787,Generally regarded as a fastidious organisms which can be hard to culture in vitro.
sp_lautropia_mirabilis,sub_mannitol,USES,experimental,7c,https://pubmed.ncbi.nlm.nih.gov/8075812/,n/a,GernerSmidt1994 10.1099/13500872-140-7-1787,Fermentation.
sp_lautropia_mirabilis,sub_nitrate,USES,experimental,7c,https://pubmed.ncbi.nlm.nih.gov/8075812/,n/a,GernerSmidt1994 10.1099/13500872-140-7-1787,
sp_lautropia_mirabilis,sub_nitrite,USES,experimental,7c,https://pubmed.ncbi.nlm.nih.gov/8075812/,n/a,GernerSmidt1994 10.1099/13500872-140-7-1787,
sp_lautropia_mirabilis,sub_oxygen,USES,experimental,7c,https://pubmed.ncbi.nlm.nih.gov/8075812/,n/a,GernerSmidt1994 10.1099/13500872-140-7-1787,Grows best under aerobic conditions.
sp_lautropia_mirabilis,sub_sucrose,USES,experimental,7c,https://pubmed.ncbi.nlm.nih.gov/8075812/,n/a,GernerSmidt1994 10.1099/13500872-140-7-1787,
sp_lautropia_mirabilis,sub_urea,USES,experimental,7c,https://pubmed.ncbi.nlm.nih.gov/8075812/,n/a,GernerSmidt1994 10.1099/13500872-140-7-1787,
sp_limosilactobacillus_fermentum,sub_oxygen,IS_INHIBITED_BY,experimental,S4,n/a,n/a,"Bergey's Manual of Systematic Bacteriology, Vol. 3-5, Edn. 2nd.",Data retrived from review and not original research article.
sp_limosilactobacillus_fermentum,sub_lactic_acid,PRODUCES,experimental,S4,n/a,n/a,"Bergey's Manual of Systematic Bacteriology, Vol. 3-5, Edn. 2nd.",Data retrived from review and not original research article.
sp_limosilactobacillus_fermentum,sub_carbon_dioxide,USES,experimental,S4,n/a,n/a,"Bergey's Manual of Systematic Bacteriology, Vol. 3-5, Edn. 2nd.",Data retrived from review and not original research article.
sp_limosilactobacillus_fermentum,sub_l_arginine,USES,experimental,S4,n/a,n/a,"Bergey's Manual of Systematic Bacteriology, Vol. 3-5, Edn. 2nd.",Data retrived from review and not original research article.
sp_limosilactobacillus_fermentum,sub_oxygen,USES,experimental,S4,n/a,n/a,"Bergey's Manual of Systematic Bacteriology, Vol. 3-5, Edn. 2nd.",Data retrived from review and not original research article.
sp_limosilactobacillus_fermentum,sub_pantothenic_acid,USES,experimental,S4,n/a,n/a,"Bergey's Manual of Systematic Bacteriology, Vol. 3-5, Edn. 2nd.",Data retrived from review and not original research article.
sp_limosilactobacillus_fermentum,sub_thiamine,USES,experimental,S4,n/a,n/a,"Bergey's Manual of Systematic Bacteriology, Vol. 3-5, Edn. 2nd.",Data retrived from review and not original research article.
sp_mogibacterium_sp_otu_21,sub_oxygen,IS_INHIBITED_BY,prediction,S4,n/a,n/a,"Bergey's Manual of Systematic Bacteriology, Vol. 3-5, Edn. 2nd.",Prediction based on the characteristics of Mogibacterium genus. Data retrived from review and not original research article.
sp_mogibacterium_sp_otu_21,sub_phenylacetic_acid,PRODUCES,prediction,S4,n/a,n/a,"Bergey's Manual of Systematic Bacteriology, Vol. 3-5, Edn. 2nd.",Prediction based on the characteristics of Mogibacterium genus. Data retrived from review and not original research article.
sp_neisseria_sicca,sub_catalase,PRODUCES,experimental,S4,n/a,n/a,"Bergey's Manual of Systematic Bacteriology, Vol. 3-5, Edn. 2nd.",Data retrived from review and not original research article.
sp_neisseria_sicca,sub_nitric_oxide,PRODUCES,experimental,S4,n/a,n/a,"Bergey's Manual of Systematic Bacteriology, Vol. 3-5, Edn. 2nd.",Data retrived from review and not original research article.
sp_neisseria_sicca,sub_nitrite,USES,experimental,S4,n/a,n/a,"Bergey's Manual of Systematic Bacteriology, Vol. 3-5, Edn. 2nd.",Data retrived from review and not original research article.
sp_neisseria_sicca,sub_oxygen,USES,experimental,S4,n/a,n/a,"Bergey's Manual of Systematic Bacteriology, Vol. 3-5, Edn. 2nd.",Data retrived from review and not original research article.
sp_neisseria_sp_otu_4,sub_catalase,PRODUCES,prediction,S4,n/a,n/a,"Bergey's Manual of Systematic Bacteriology, Vol. 3-5, Edn. 2nd.",Prediction based on the characteristics of related N. mucosa/sicca
sp_neisseria_sp_otu_4,sub_nitric_oxide,PRODUCES,prediction,S4,n/a,n/a,"Bergey's Manual of Systematic Bacteriology, Vol. 3-5, Edn. 2nd.",Prediction based on the characteristics of related N. mucosa/sicca
sp_neisseria_sp_otu_4,sub_nitrite,PRODUCES,prediction,S4,n/a,n/a,"Bergey's Manual of Systematic Bacteriology, Vol. 3-5, Edn. 2nd.",Prediction based on the characteristics of related N. mucosa/sicca
sp_neisseria_sp_otu_4,sub_nitrate,USES,prediction,S4,n/a,n/a,"Bergey's Manual of Systematic Bacteriology, Vol. 3-5, Edn. 2nd.",Prediction based on the characteristics of related N. mucosa/sicca
sp_neisseria_sp_otu_4,sub_nitrite,USES,prediction,S4,n/a,n/a,"Bergey's Manual of Systematic Bacteriology, Vol. 3-5, Edn. 2nd.",Prediction based on the characteristics of related N. mucosa/sicca
sp_neisseria_sp_otu_4,sub_oxygen,USES,prediction,S4,n/a,n/a,"Bergey's Manual of Systematic Bacteriology, Vol. 3-5, Edn. 2nd.",Prediction based on the characteristics of related N. mucosa/sicca
sp_porphyromonas_pasteri,sub_hydrogen_peroxide,IS_INHIBITED_BY,experimental,7c,https://pubmed.ncbi.nlm.nih.gov/25933621/,n/a,Sakamoto2015 10.1099/ijs.0.000294,
sp_porphyromonas_pasteri,sub_oxygen,IS_INHIBITED_BY,prediction,7c,https://pubmed.ncbi.nlm.nih.gov/25933621/,n/a,Sakamoto2015 10.1099/ijs.0.000294,Cells reported as obligately anaerobic. Aerobic respiration and microaerophilic growth potentially possible - prediction based on the characteristics of related P. gingivalis species.
sp_porphyromonas_pasteri,sub_acid_phosphatase,PRODUCES,experimental,7c,https://pubmed.ncbi.nlm.nih.gov/25933621/,n/a,Sakamoto2015 10.1099/ijs.0.000294,Positive reactions were obtained using API ZYM.
sp_porphyromonas_pasteri,sub_alanine_arylamidase,PRODUCES,experimental,7c,https://pubmed.ncbi.nlm.nih.gov/25933621/,n/a,Sakamoto2015 10.1099/ijs.0.000294,Positive reactions were obtained using Rapid ID 32A.
sp_porphyromonas_pasteri,sub_alkaline_phosphatase,PRODUCES,experimental,7c,https://pubmed.ncbi.nlm.nih.gov/25933621/,n/a,Sakamoto2015 10.1099/ijs.0.000294,Positive reactions were obtained using Rapid ID 32A and API ZYM.
sp_porphyromonas_pasteri,sub_alpha_fucosidase,PRODUCES,experimental,7c,https://pubmed.ncbi.nlm.nih.gov/25933621/,n/a,Sakamoto2015 10.1099/ijs.0.000294,Positive reactions were obtained using Rapid ID 32A and API ZYM.
sp_porphyromonas_pasteri,sub_alpha_glucosidase,PRODUCES,experimental,7c,https://pubmed.ncbi.nlm.nih.gov/25933621/,n/a,Sakamoto2015 10.1099/ijs.0.000294,Positive reactions were obtained using Rapid ID 32A and API ZYM (weak).
sp_porphyromonas_pasteri,sub_beta_galactosidase,PRODUCES,experimental,7c,https://pubmed.ncbi.nlm.nih.gov/25933621/,n/a,Sakamoto2015 10.1099/ijs.0.000294,Positive reactions were obtained using Rapid ID 32A and API ZYM (weak).
sp_porphyromonas_pasteri,sub_enzyme_generating_glutamate_from_ammonia,PRODUCES,experimental,7c,https://pubmed.ncbi.nlm.nih.gov/26568374/,n/a,OFlynn2015 10.1093/gbe/evv220,
sp_porphyromonas_pasteri,sub_enzyme_generating_vitamin_b12_from_proto_porphyrin,PRODUCES,experimental,7c,https://pubmed.ncbi.nlm.nih.gov/26568374/,n/a,OFlynn2015 10.1093/gbe/evv220,
sp_porphyromonas_pasteri,sub_esterase,PRODUCES,experimental,7c,https://pubmed.ncbi.nlm.nih.gov/25933621/,n/a,Sakamoto2015 10.1099/ijs.0.000294,Positive reactions were obtained using API ZYM. Weak.
sp_porphyromonas_pasteri,sub_glutamyl_glutamic_acid_arylamidase,PRODUCES,experimental,7c,https://pubmed.ncbi.nlm.nih.gov/25933621/,n/a,Sakamoto2015 10.1099/ijs.0.000294,Positive reactions were obtained using Rapid ID 32A.
sp_porphyromonas_pasteri,sub_leucine_arylamidase,PRODUCES,experimental,7c,https://pubmed.ncbi.nlm.nih.gov/25933621/,n/a,Sakamoto2015 10.1099/ijs.0.000294,Positive reactions were obtained using API ZYM. Weak.
sp_porphyromonas_pasteri,sub_leucyl_glycine_arylamidase,PRODUCES,experimental,7c,https://pubmed.ncbi.nlm.nih.gov/25933621/,n/a,Sakamoto2015 10.1099/ijs.0.000294,Positive reactions were obtained using Rapid ID 32A.
sp_porphyromonas_pasteri,sub_n_acetyl_beta_glucosaminidase,PRODUCES,experimental,7c,https://pubmed.ncbi.nlm.nih.gov/25933621/,n/a,Sakamoto2015 10.1099/ijs.0.000294,Positive reactions were obtained using Rapid ID 32A and API ZYM.
sp_porphyromonas_pasteri,sub_naphthol_as_bi_phosphohydrolase,PRODUCES,experimental,7c,https://pubmed.ncbi.nlm.nih.gov/25933621/,n/a,Sakamoto2015 10.1099/ijs.0.000294,Positive reactions were obtained using API ZYM.
sp_porphyromonas_pasteri,sub_propionic_acid,PRODUCES,experimental,7c,https://pubmed.ncbi.nlm.nih.gov/25933621/,n/a,Sakamoto2015 10.1099/ijs.0.000294,
sp_porphyromonas_pasteri,sub_proto_porphyrin,USES,experimental,7c,https://pubmed.ncbi.nlm.nih.gov/25933621/,n/a,Sakamoto2015 10.1099/ijs.0.000294,
sp_porphyromonas_pasteri,sub_alpha_lactose,USES,experimental,7c,https://pubmed.ncbi.nlm.nih.gov/25933621/,n/a,Sakamoto2015 10.1099/ijs.0.000294,
sp_porphyromonas_pasteri,sub_d_glucose,USES,experimental,7c,https://pubmed.ncbi.nlm.nih.gov/25933621/,n/a,Sakamoto2015 10.1099/ijs.0.000294,
sp_porphyromonas_pasteri,sub_dhna,USES,experimental,7c,https://pubmed.ncbi.nlm.nih.gov/25933621/,n/a,Sakamoto2015 10.1099/ijs.0.000294,
sp_porphyromonas_pasteri,sub_d_maltose,USES,experimental,7c,https://pubmed.ncbi.nlm.nih.gov/25933621/,n/a,Sakamoto2015 10.1099/ijs.0.000294,
sp_porphyromonas_pasteri,sub_d_mannose,USES,experimental,7c,https://pubmed.ncbi.nlm.nih.gov/25933621/,n/a,Sakamoto2015 10.1099/ijs.0.000294,
sp_porphyromonas_pasteri,sub_growth_factors,USES,experimental,7c,https://pubmed.ncbi.nlm.nih.gov/25933621/,n/a,Sakamoto2015 10.1099/ijs.0.000294,Generally regarded as a fastidious organisms which can be hard to culture in vitro.
sp_porphyromonas_pasteri,sub_hemin,USES,experimental,7c,https://pubmed.ncbi.nlm.nih.gov/36452178/,n/a,Murugkar2022 10.1080/20002297.2022.2143651,"Added hemin, blood, or hemoglobin fulfilled the heme requirement for growth. The heme requirement results from an incomplete heme biosynthetic pathway in P. pasteri."
sp_porphyromonas_pasteri,sub_iron,USES,experimental,7c,https://pubmed.ncbi.nlm.nih.gov/25933621/,n/a,Sakamoto2015 10.1099/ijs.0.000294,
sp_porphyromonas_pasteri,sub_lactic_acid,USES,prediction,7c,https://pubmed.ncbi.nlm.nih.gov/19684063/,n/a,Lewis2009 10.1099/mic.0.027953-0,Prediction based on the characteristics of related P. gingivalis species.
sp_porphyromonas_pasteri,sub_menaquinone,USES,experimental,7c,https://pubmed.ncbi.nlm.nih.gov/36452178/,n/a,Murugkar2022 10.1080/20002297.2022.2143651,"Analysis of the E. coli deletion mutant library and growth studies identified 1,2-dihydroxy-2-naphthoic acid (DHNA) and menaquinone-4 (MK4) as the growth factors."
sp_porphyromonas_pasteri,sub_sucrose,USES,experimental,7c,https://pubmed.ncbi.nlm.nih.gov/25933621/,n/a,Sakamoto2015 10.1099/ijs.0.000294,Fermentation.
sp_prevotella_histicola,sub_oxygen,IS_INHIBITED_BY,prediction,S4,n/a,n/a,"Bergey's Manual of Systematic Bacteriology, Vol. 3-5, Edn. 2nd.",Prediction based on the characteristics of Prevotella genus. Data retrived from review and not original research article.
sp_prevotella_histicola,sub_hemin,USES,prediction,S4,n/a,n/a,"Bergey's Manual of Systematic Bacteriology, Vol. 3-5, Edn. 2nd.",Prediction based on the characteristics of Prevotella genus. Data retrived from review and not original research article.
sp_prevotella_nanceiensis,sub_oxygen,IS_INHIBITED_BY,prediction,S4,n/a,n/a,"Bergey's Manual of Systematic Bacteriology, Vol. 3-5, Edn. 2nd.",Prediction based on the characteristics of Prevotella genus. Data retrived from review and not original research article.
sp_prevotella_nanceiensis,sub_lactic_acid,PRODUCES,experimental,S4,n/a,n/a,"Bergey's Manual of Systematic Bacteriology, Vol. 3-5, Edn. 2nd.",Data retrived from review and not original research article.
sp_prevotella_nanceiensis,sub_hemin,USES,prediction,S4,n/a,n/a,"Bergey's Manual of Systematic Bacteriology, Vol. 3-5, Edn. 2nd.",Prediction based on the characteristics of Prevotella genus. Data retrived from review and not original research article.
sp_prevotella_salivae,sub_oxygen,IS_INHIBITED_BY,experimental,S4,n/a,n/a,"Bergey's Manual of Systematic Bacteriology, Vol. 3-5, Edn. 2nd.",Data retrived from review and not original research article.
sp_prevotella_salivae,sub_hemin,USES,prediction,S4,n/a,n/a,"Bergey's Manual of Systematic Bacteriology, Vol. 3-5, Edn. 2nd.",Prediction based on the characteristics of Prevotella genus. Data retrived from review and not original research article.
sp_rothia_dentocariosa,sub_hydrogen_peroxide,IS_INHIBITED_BY,experimental,S4,n/a,n/a,"Bergey's Manual of Systematic Bacteriology, Vol. 3-5, Edn. 2nd.",Data retrived from review and not original research article.
sp_rothia_dentocariosa,sub_catalase,PRODUCES,experimental,S4,n/a,n/a,"Bergey's Manual of Systematic Bacteriology, Vol. 3-5, Edn. 2nd.",Data retrived from review and not original research article. Variable.
sp_rothia_dentocariosa,sub_lactic_acid,PRODUCES,experimental,S4,n/a,n/a,"Bergey's Manual of Systematic Bacteriology, Vol. 3-5, Edn. 2nd.",Data retrived from review and not original research article.
sp_rothia_dentocariosa,sub_menaquinone,PRODUCES,experimental,S4,n/a,n/a,"Bergey's Manual of Systematic Bacteriology, Vol. 3-5, Edn. 2nd.",Data retrived from review and not original research article.
sp_rothia_dentocariosa,sub_nitrite,PRODUCES,experimental,S4,n/a,n/a,"Bergey's Manual of Systematic Bacteriology, Vol. 3-5, Edn. 2nd.",Data retrived from review and not original research article.
sp_rothia_dentocariosa,sub_nitrate,USES,experimental,S4,n/a,n/a,"Bergey's Manual of Systematic Bacteriology, Vol. 3-5, Edn. 2nd.",Data retrived from review and not original research article.
sp_rothia_dentocariosa,sub_oxygen,USES,experimental,S4,n/a,n/a,"Bergey's Manual of Systematic Bacteriology, Vol. 3-5, Edn. 2nd.",Data retrived from review and not original research article.
sp_saccharibacteria_tm7_g_1_sp_hmt_347,sub_actinobacteria,DEPENDS_ON,prediction,S4,https://pubmed.ncbi.nlm.nih.gov/30894042/,n/a,Bor2019 10.1177/0022034519831671,Prediction based on the characteristics of Saccharibacteria (TM7) phylum.  Data retrived from review and not original research article.
sp_schaalia_odontolytica,sub_dnase,PRODUCES,experimental,S4,n/a,n/a,"Bergey's Manual of Systematic Bacteriology, Vol. 3-5, Edn. 2nd.",Data retrived from review and not original research article. Some.
sp_schaalia_odontolytica,sub_fucosidase,PRODUCES,experimental,S4,n/a,n/a,"Bergey's Manual of Systematic Bacteriology, Vol. 3-5, Edn. 2nd.",Data retrived from review and not original research article. Variable.
sp_schaalia_odontolytica,sub_lactic_acid,PRODUCES,experimental,S4,n/a,n/a,"Bergey's Manual of Systematic Bacteriology, Vol. 3-5, Edn. 2nd.",Data retrived from review and not original research article.
sp_schaalia_odontolytica,sub_menaquinone,PRODUCES,experimental,,n/a,n/a,Fernandez1987 10.1111/j.1574-6968.1987.tb02191.x,Tetrahydrogenated menaquinones with ten isoprene units [MK-10(H4)] are the major respiratory quinones.
sp_schaalia_odontolytica,sub_nitrite,PRODUCES,experimental,S4,n/a,n/a,"Bergey's Manual of Systematic Bacteriology, Vol. 3-5, Edn. 2nd.",Data retrived from review and not original research article.
sp_schaalia_odontolytica,sub_l_arginine,USES,experimental,S4,n/a,n/a,"Bergey's Manual of Systematic Bacteriology, Vol. 3-5, Edn. 2nd.",Data retrived from review and not original research article.
sp_schaalia_odontolytica,sub_l_lysine,USES,experimental,S4,n/a,n/a,"Bergey's Manual of Systematic Bacteriology, Vol. 3-5, Edn. 2nd.",Data retrived from review and not original research article.
sp_schaalia_odontolytica,sub_nitrate,USES,experimental,S4,n/a,n/a,"Bergey's Manual of Systematic Bacteriology, Vol. 3-5, Edn. 2nd.",Data retrived from review and not original research article.
sp_schaalia_sp_otu_7,sub_dnase,PRODUCES,prediction,S4,n/a,n/a,"Bergey's Manual of Systematic Bacteriology, Vol. 3-5, Edn. 2nd.",Prediction based on the characteristics of related S. odontolytica. Data retrived from review and not original research article. Some.
sp_schaalia_sp_otu_7,sub_fucosidase,PRODUCES,prediction,S4,n/a,n/a,"Bergey's Manual of Systematic Bacteriology, Vol. 3-5, Edn. 2nd.",Prediction based on the characteristics of related S. odontolytica. Data retrived from review and not original research article. Variable
sp_schaalia_sp_otu_7,sub_lactic_acid,PRODUCES,prediction,S4,n/a,n/a,"Bergey's Manual of Systematic Bacteriology, Vol. 3-5, Edn. 2nd.",Prediction based on the characteristics of related S. odontolytica. Data retrived from review and not original research article.
sp_schaalia_sp_otu_7,sub_menaquinone,PRODUCES,prediction,,n/a,n/a,Fernandez1987 10.1111/j.1574-6968.1987.tb02191.x,Prediction based on the characteristics of Schaalia genus.Tetrahydrogenated menaquinones with ten isoprene units [MK-10(H4)] are the major respiratory quinones.
sp_schaalia_sp_otu_7,sub_nitrite,PRODUCES,prediction,S4,n/a,n/a,"Bergey's Manual of Systematic Bacteriology, Vol. 3-5, Edn. 2nd.",Prediction based on the characteristics of related S. odontolytica. Data retrived from review and not original research article.
sp_schaalia_sp_otu_7,sub_l_arginine,USES,prediction,S4,n/a,n/a,"Bergey's Manual of Systematic Bacteriology, Vol. 3-5, Edn. 2nd.",Prediction based on the characteristics of related S. odontolytica. Data retrived from review and not original research article.
sp_schaalia_sp_otu_7,sub_l_lysine,USES,prediction,S4,n/a,n/a,"Bergey's Manual of Systematic Bacteriology, Vol. 3-5, Edn. 2nd.",Prediction based on the characteristics of related S. odontolytica. Data retrived from review and not original research article.
sp_schaalia_sp_otu_7,sub_nitrate,USES,prediction,S4,n/a,n/a,"Bergey's Manual of Systematic Bacteriology, Vol. 3-5, Edn. 2nd.",Prediction based on the characteristics of related S. odontolytica. Data retrived from review and not original research article.
sp_schaalia_sp_hmt_172,sub_dnase,PRODUCES,experimental,S4,n/a,n/a,"Bergey's Manual of Systematic Bacteriology, Vol. 3-5, Edn. 2nd.",Data retrived from review and not original research article. Some.
sp_schaalia_sp_hmt_172,sub_fucosidase,PRODUCES,experimental,S4,n/a,n/a,"Bergey's Manual of Systematic Bacteriology, Vol. 3-5, Edn. 2nd.",Prediction based on the characteristics of related S. odontolytica. Data retrived from review and not original research article. Variable.
sp_schaalia_sp_hmt_172,sub_lactic_acid,PRODUCES,experimental,S4,n/a,n/a,"Bergey's Manual of Systematic Bacteriology, Vol. 3-5, Edn. 2nd.",Prediction based on the characteristics of related S. odontolytica. Data retrived from review and not original research article.
sp_schaalia_sp_hmt_172,sub_menaquinone,PRODUCES,prediction,,n/a,n/a,Fernandez1987 10.1111/j.1574-6968.1987.tb02191.x,Prediction based on the characteristics of Schaalia genus.Tetrahydrogenated menaquinones with ten isoprene units [MK-10(H4)] are the major respiratory quinones.
sp_schaalia_sp_hmt_172,sub_nitrite,PRODUCES,experimental,S4,n/a,n/a,"Bergey's Manual of Systematic Bacteriology, Vol. 3-5, Edn. 2nd.",Prediction based on the characteristics of related S. odontolytica. Data retrived from review and not original research article.
sp_schaalia_sp_hmt_172,sub_l_arginine,USES,experimental,S4,n/a,n/a,"Bergey's Manual of Systematic Bacteriology, Vol. 3-5, Edn. 2nd.",Prediction based on the characteristics of related S. odontolytica. Data retrived from review and not original research article.
sp_schaalia_sp_hmt_172,sub_l_lysine,USES,experimental,S4,n/a,n/a,"Bergey's Manual of Systematic Bacteriology, Vol. 3-5, Edn. 2nd.",Prediction based on the characteristics of related S. odontolytica. Data retrived from review and not original research article.
sp_schaalia_sp_hmt_172,sub_nitrate,USES,experimental,S4,n/a,n/a,"Bergey's Manual of Systematic Bacteriology, Vol. 3-5, Edn. 2nd.",Prediction based on the characteristics of related S. odontolytica. Data retrived from review and not original research article.
sp_selenomonas_sp_otu_20,sub_oxygen,IS_INHIBITED_BY,prediction,S4,n/a,n/a,"Bergey's Manual of Systematic Bacteriology, Vol. 3-5, Edn. 2nd.",Prediction based on the characteristics of Selenomonas genus. Data retrived from review and not original research article.
sp_streptocccus_sp_hmt_64,sub_hydrogen_peroxide,PRODUCES,prediction,S4,n/a,n/a,"Bergey's Manual of Systematic Bacteriology, Vol. 3-5, Edn. 2nd.",Prediction based on the characteristics of related S. mitis/oralis. Data retrived from review and not original research article.
sp_streptocccus_sp_hmt_64,sub_lactic_acid,PRODUCES,experimental,S4,n/a,n/a,"Bergey's Manual of Systematic Bacteriology, Vol. 3-5, Edn. 2nd.",Prediction based on the characteristics of related S. mitis/oralis. Data retrived from review and not original research article.
sp_streptocccus_sp_hmt_64,sub_peptides,PRODUCES,prediction,S4,n/a,n/a,"Bergey's Manual of Systematic Bacteriology, Vol. 3-5, Edn. 2nd.",Prediction based on the characteristics of related S. mitis/oralis. Data retrived from review and not original research article.
sp_streptococcus_gordonii,sub_challisin,PRODUCES,experimental,S4,n/a,n/a,"Bergey's Manual of Systematic Bacteriology, Vol. 3-5, Edn. 2nd.",Data retrived from review and not original research article.
sp_streptococcus_gordonii,sub_dnase,PRODUCES,experimental,S4,n/a,n/a,"Bergey's Manual of Systematic Bacteriology, Vol. 3-5, Edn. 2nd.",Data retrived from review and not original research article.
sp_streptococcus_gordonii,sub_fucosidase,PRODUCES,experimental,S4,n/a,n/a,"Bergey's Manual of Systematic Bacteriology, Vol. 3-5, Edn. 2nd.",Data retrived from review and not original research article.
sp_streptococcus_gordonii,sub_hydrogen_peroxide,PRODUCES,experimental,S4,n/a,n/a,"Bergey's Manual of Systematic Bacteriology, Vol. 3-5, Edn. 2nd.",Data retrived from review and not original research article.
sp_streptococcus_gordonii,sub_lactic_acid,PRODUCES,experimental,S4,n/a,n/a,"Bergey's Manual of Systematic Bacteriology, Vol. 3-5, Edn. 2nd.",Data retrived from review and not original research article.
sp_streptococcus_gordonii,sub_l_ornithine,PRODUCES,experimental,S4,https://pubmed.ncbi.nlm.nih.gov/35852319/,n/a,Sakanaka2022 10.1128/msystems.00170-22,
sp_streptococcus_gordonii,sub_l_arginine,USES,experimental,S4,n/a,n/a,"Bergey's Manual of Systematic Bacteriology, Vol. 3-5, Edn. 2nd.",Data retrived from review and not original research article.
sp_streptococcus_mitis_oralis_group,sub_hydrogen_peroxide,PRODUCES,experimental,S4,n/a,n/a,"Bergey's Manual of Systematic Bacteriology, Vol. 3-5, Edn. 2nd.",Data retrived from review and not original research article.
sp_streptococcus_mitis_oralis_group,sub_iga1_protease,PRODUCES,experimental,S4,n/a,n/a,"Bergey's Manual of Systematic Bacteriology, Vol. 3-5, Edn. 2nd.",Data retrived from review and not original research article.
sp_streptococcus_mitis_oralis_group,sub_lactic_acid,PRODUCES,experimental,S4,n/a,n/a,"Bergey's Manual of Systematic Bacteriology, Vol. 3-5, Edn. 2nd.",Data retrived from review and not original research article.
sp_streptococcus_mitis_oralis_group,sub_peptides,PRODUCES,experimental,S4,n/a,n/a,"Bergey's Manual of Systematic Bacteriology, Vol. 3-5, Edn. 2nd.",Data retrived from review and not original research article.
sp_streptococcus_mitis_oralis_group,sub_sialidase,PRODUCES,experimental,S4,n/a,n/a,"Bergey's Manual of Systematic Bacteriology, Vol. 3-5, Edn. 2nd.",Data retrived from review and not original research article.
sp_streptococcus_mitis_oralis_group,sub_nitrite,USES,experimental,S4,n/a,n/a,"Bergey's Manual of Systematic Bacteriology, Vol. 3-5, Edn. 2nd.",Data retrived from review and not original research article.
sp_streptococcus_salivarius,sub_urea,HYDROLYSES,experimental,S4,n/a,n/a,"Bergey's Manual of Systematic Bacteriology, Vol. 3-5, Edn. 2nd.",Data retrived from review and not original research article. Some.
sp_streptococcus_salivarius,sub_lactic_acid,PRODUCES,experimental,S4,n/a,n/a,"Bergey's Manual of Systematic Bacteriology, Vol. 3-5, Edn. 2nd.",Data retrived from review and not original research article.
sp_streptococcus_salivarius,sub_nitrite,USES,experimental,S4,n/a,n/a,"Bergey's Manual of Systematic Bacteriology, Vol. 3-5, Edn. 2nd.",Data retrived from review and not original research article.
sp_streptococcus_sanguinis,sub_hydrogen_peroxide,PRODUCES,experimental,S4,n/a,n/a,"Bergey's Manual of Systematic Bacteriology, Vol. 3-5, Edn. 2nd.",Data retrived from review and not original research article.
sp_streptococcus_sanguinis,sub_iga1_protease,PRODUCES,experimental,S4,n/a,n/a,"Bergey's Manual of Systematic Bacteriology, Vol. 3-5, Edn. 2nd.",Data retrived from review and not original research article.
sp_streptococcus_sanguinis,sub_lactic_acid,PRODUCES,experimental,S4,n/a,n/a,"Bergey's Manual of Systematic Bacteriology, Vol. 3-5, Edn. 2nd.",Data retrived from review and not original research article.
sp_streptococcus_sanguinis,sub_l_ornithine,PRODUCES,experimental,S4,n/a,n/a,"Bergey's Manual of Systematic Bacteriology, Vol. 3-5, Edn. 2nd.",Data retrived from review and not original research article.
sp_streptococcus_sanguinis,sub_peptides,PRODUCES,experimental,S4,n/a,n/a,"Bergey's Manual of Systematic Bacteriology, Vol. 3-5, Edn. 2nd.",Data retrived from review and not original research article.
sp_streptococcus_sanguinis,sub_l_arginine,USES,experimental,S4,n/a,n/a,"Bergey's Manual of Systematic Bacteriology, Vol. 3-5, Edn. 2nd.",Data retrived from review and not original research article.
sp_streptococcus_sp_otu_10,sub_urea,HYDROLYSES,prediction,S4,n/a,n/a,"Bergey's Manual of Systematic Bacteriology, Vol. 3-5, Edn. 2nd.",Prediction based on the characteristics of related S. salivarius. Data retrived from review and not original research article. Some.
sp_streptococcus_sp_otu_10,sub_lactic_acid,PRODUCES,prediction,S4,n/a,n/a,"Bergey's Manual of Systematic Bacteriology, Vol. 3-5, Edn. 2nd.",Prediction based on the characteristics of related S. salivarius. Data retrived from review and not original research article.
sp_streptococcus_sp_otu_10,sub_nitrite,USES,prediction,S4,n/a,n/a,"Bergey's Manual of Systematic Bacteriology, Vol. 3-5, Edn. 2nd.",Prediction based on the characteristics of related S. salivarius. Data retrived from review and not original research article.
sp_streptococcus_sp_otu_13,sub_oxygen,IS_INHIBITED_BY,prediction,S4,n/a,n/a,"Bergey's Manual of Systematic Bacteriology, Vol. 3-5, Edn. 2nd.",Prediction based on the characteristics of related S. anginosus. Data retrived from review and not original research article. Some.
sp_streptococcus_sp_otu_13,sub_l_ornithine,PRODUCES,prediction,S4,n/a,n/a,"Bergey's Manual of Systematic Bacteriology, Vol. 3-5, Edn. 2nd.",Prediction based on the characteristics of related S. anginosus. Data retrived from review and not original research article.
sp_streptococcus_sp_otu_13,sub_carbon_dioxide,USES,prediction,S4,n/a,n/a,"Bergey's Manual of Systematic Bacteriology, Vol. 3-5, Edn. 2nd.",Prediction based on the characteristics of related S. anginosus. Data retrived from review and not original research article.
sp_streptococcus_sp_otu_13,sub_l_arginine,USES,prediction,S4,n/a,n/a,"Bergey's Manual of Systematic Bacteriology, Vol. 3-5, Edn. 2nd.",Prediction based on the characteristics of related S. anginosus. Data retrived from review and not original research article.
sp_streptococcus_sp_otu_144,sub_hydrogen_peroxide,PRODUCES,prediction,S4,n/a,n/a,"Bergey's Manual of Systematic Bacteriology, Vol. 3-5, Edn. 2nd.",Prediction based on the characteristics of related S. mitis/oralis. Data retrived from review and not original research article.
sp_streptococcus_sp_otu_144,sub_iga1_protease,PRODUCES,prediction,S4,n/a,n/a,"Bergey's Manual of Systematic Bacteriology, Vol. 3-5, Edn. 2nd.",Prediction based on the characteristics of related S. mitis/oralis. Data retrived from review and not original research article.
sp_streptococcus_sp_otu_144,sub_lactic_acid,PRODUCES,prediction,S4,n/a,n/a,"Bergey's Manual of Systematic Bacteriology, Vol. 3-5, Edn. 2nd.",Prediction based on the characteristics of related S. mitis/oralis. Data retrived from review and not original research article.
sp_streptococcus_sp_otu_144,sub_peptides,PRODUCES,prediction,S4,n/a,n/a,"Bergey's Manual of Systematic Bacteriology, Vol. 3-5, Edn. 2nd.",Prediction based on the characteristics of related S. mitis/oralis. Data retrived from review and not original research article.
sp_streptococcus_sp_otu_144,sub_sialidase,PRODUCES,prediction,S4,n/a,n/a,"Bergey's Manual of Systematic Bacteriology, Vol. 3-5, Edn. 2nd.",Prediction based on the characteristics of related S. mitis/oralis. Data retrived from review and not original research article.
sp_streptococcus_sp_otu_144,sub_nitrite,USES,prediction,S4,n/a,n/a,"Bergey's Manual of Systematic Bacteriology, Vol. 3-5, Edn. 2nd.",Prediction based on the characteristics of related S. mitis/oralis. Data retrived from review and not original research article.
sp_streptococcus_sp_otu_17,sub_lactic_acid,PRODUCES,prediction,S4,n/a,n/a,"Bergey's Manual of Systematic Bacteriology, Vol. 3-5, Edn. 2nd.",Prediction based on the characteristics of related S. australis. Data retrived from review and not original research article.
sp_streptococcus_sp_otu_17,sub_l_ornithine,PRODUCES,prediction,S4,n/a,n/a,"Bergey's Manual of Systematic Bacteriology, Vol. 3-5, Edn. 2nd.",Prediction based on the characteristics of related S. australis. Data retrived from review and not original research article.
sp_streptococcus_sp_otu_17,sub_l_arginine,USES,prediction,S4,n/a,n/a,"Bergey's Manual of Systematic Bacteriology, Vol. 3-5, Edn. 2nd.",Prediction based on the characteristics of related S. australis. Data retrived from review and not original research article.
sp_streptococcus_sp_otu_2,sub_hydrogen_peroxide,PRODUCES,prediction,S4,n/a,n/a,"Bergey's Manual of Systematic Bacteriology, Vol. 3-5, Edn. 2nd.",Prediction based on the characteristics of related S. sanguinis. Data retrived from review and not original research article.
sp_streptococcus_sp_otu_2,sub_iga1_protease,PRODUCES,prediction,S4,n/a,n/a,"Bergey's Manual of Systematic Bacteriology, Vol. 3-5, Edn. 2nd.",Prediction based on the characteristics of related S. sanguinis. Data retrived from review and not original research article.
sp_streptococcus_sp_otu_2,sub_lactic_acid,PRODUCES,prediction,S4,n/a,n/a,"Bergey's Manual of Systematic Bacteriology, Vol. 3-5, Edn. 2nd.",Prediction based on the characteristics of related S. sanguinis. Data retrived from review and not original research article.
sp_streptococcus_sp_otu_2,sub_l_ornithine,PRODUCES,prediction,S4,n/a,n/a,"Bergey's Manual of Systematic Bacteriology, Vol. 3-5, Edn. 2nd.",Prediction based on the characteristics of related S. sanguinis. Data retrived from review and not original research article.
sp_streptococcus_sp_otu_2,sub_peptides,PRODUCES,prediction,S4,n/a,n/a,"Bergey's Manual of Systematic Bacteriology, Vol. 3-5, Edn. 2nd.",Prediction based on the characteristics of related S. sanguinis. Data retrived from review and not original research article.
sp_streptococcus_sp_otu_2,sub_l_arginine,USES,prediction,S4,n/a,n/a,"Bergey's Manual of Systematic Bacteriology, Vol. 3-5, Edn. 2nd.",Prediction based on the characteristics of related S. sanguinis. Data retrived from review and not original research article.
sp_streptococcus_sp_otu_9,sub_challisin,PRODUCES,prediction,S4,n/a,n/a,"Bergey's Manual of Systematic Bacteriology, Vol. 3-5, Edn. 2nd.",Prediction based on the characteristics of related S. gordonii. Data retrived from review and not original research article.
sp_streptococcus_sp_otu_9,sub_dnase,PRODUCES,prediction,S4,n/a,n/a,"Bergey's Manual of Systematic Bacteriology, Vol. 3-5, Edn. 2nd.",Prediction based on the characteristics of related S. gordonii. Data retrived from review and not original research article.
sp_streptococcus_sp_otu_9,sub_fucosidase,PRODUCES,prediction,S4,n/a,n/a,"Bergey's Manual of Systematic Bacteriology, Vol. 3-5, Edn. 2nd.",Prediction based on the characteristics of related S. gordonii. Data retrived from review and not original research article.
sp_streptococcus_sp_otu_9,sub_hydrogen_peroxide,PRODUCES,prediction,S4,n/a,n/a,"Bergey's Manual of Systematic Bacteriology, Vol. 3-5, Edn. 2nd.",Prediction based on the characteristics of related S. gordonii. Data retrived from review and not original research article.
sp_streptococcus_sp_otu_9,sub_lactic_acid,PRODUCES,prediction,S4,n/a,n/a,"Bergey's Manual of Systematic Bacteriology, Vol. 3-5, Edn. 2nd.",Prediction based on the characteristics of related S. gordonii. Data retrived from review and not original research article.
sp_streptococcus_sp_otu_9,sub_l_ornithine,PRODUCES,prediction,S4,https://pubmed.ncbi.nlm.nih.gov/35852319/,n/a,Sakanaka2022 10.1128/msystems.00170-22,Prediction based on the characteristics of related S. gordonii.
sp_streptococcus_sp_otu_9,sub_l_arginine,USES,prediction,S4,n/a,n/a,"Bergey's Manual of Systematic Bacteriology, Vol. 3-5, Edn. 2nd.",Prediction based on the characteristics of related S. gordonii. Data retrived from review and not original research article.
sp_veillonella_parvula,sub_oxygen,IS_INHIBITED_BY,experimental,S4,n/a,n/a,"Bergey's Manual of Systematic Bacteriology, Vol. 3-5, Edn. 2nd.",Data retrived from review and not original research article.
sp_veillonella_parvula,sub_carbon_dioxide,PRODUCES,experimental,S4,n/a,n/a,"Bergey's Manual of Systematic Bacteriology, Vol. 3-5, Edn. 2nd.",Data retrived from review and not original research article.
sp_veillonella_parvula,sub_catalase,PRODUCES,experimental,S4,n/a,n/a,"Bergey's Manual of Systematic Bacteriology, Vol. 3-5, Edn. 2nd.",Data retrived from review and not original research article. Some.
sp_veillonella_parvula,sub_hydrogen,PRODUCES,experimental,S4,n/a,n/a,"Bergey's Manual of Systematic Bacteriology, Vol. 3-5, Edn. 2nd.",Data retrived from review and not original research article.
sp_veillonella_parvula,sub_hydrogen_sulfide,PRODUCES,experimental,S4,n/a,n/a,"Bergey's Manual of Systematic Bacteriology, Vol. 3-5, Edn. 2nd.",Data retrived from review and not original research article.
sp_veillonella_parvula,sub_menaquinone,PRODUCES,experimental,,n/a,n/a,Fernandez1987 10.1111/j.1574-6968.1987.tb02191.x,Menaquinones with seven isoprene units [MK-7)] are the major respiratory quinones.
sp_veillonella_parvula,sub_nitrite,PRODUCES,experimental,S4,n/a,n/a,"Bergey's Manual of Systematic Bacteriology, Vol. 3-5, Edn. 2nd.",Data retrived from review and not original research article.
sp_veillonella_parvula,sub_hemin,RELEASES,experimental,S4,n/a,n/a,"Bergey's Manual of Systematic Bacteriology, Vol. 3-5, Edn. 2nd.",Data retrived from review and not original research article.
sp_veillonella_parvula,sub_l_lysine,RELEASES,experimental,S4,https://pubmed.ncbi.nlm.nih.gov/35852319/,n/a,Sakanaka2022 10.1128/msystems.00170-22,
sp_veillonella_parvula,sub_lactic_acid,USES,experimental,S4,n/a,n/a,"Bergey's Manual of Systematic Bacteriology, Vol. 3-5, Edn. 2nd.",Data retrived from review and not original research article.
sp_veillonella_parvula,sub_l_cysteine,USES,experimental,S4,n/a,n/a,"Bergey's Manual of Systematic Bacteriology, Vol. 3-5, Edn. 2nd.",Data retrived from review and not original research article.
sp_veillonella_parvula,sub_nitrate,USES,experimental,S4,n/a,n/a,"Bergey's Manual of Systematic Bacteriology, Vol. 3-5, Edn. 2nd.",Data retrived from review and not original research article.
sp_veillonella_sp_otu_16,sub_oxygen,IS_INHIBITED_BY,prediction,S4,n/a,n/a,"Bergey's Manual of Systematic Bacteriology, Vol. 3-5, Edn. 2nd.",Prediction based on the characteristics of Veillonella genus. Data retrived from review and not original research article.
sp_veillonella_sp_otu_16,sub_carbon_dioxide,PRODUCES,prediction,S4,n/a,n/a,"Bergey's Manual of Systematic Bacteriology, Vol. 3-5, Edn. 2nd.",Prediction based on the characteristics of Veillonella genus. Data retrived from review and not original research article.
sp_veillonella_sp_otu_16,sub_catalase,PRODUCES,prediction,S4,n/a,n/a,"Bergey's Manual of Systematic Bacteriology, Vol. 3-5, Edn. 2nd.",Prediction based on the characteristics of Veillonella genus. Some. Data retrived from review and not original research article.
sp_veillonella_sp_otu_16,sub_hydrogen,PRODUCES,prediction,S4,n/a,n/a,"Bergey's Manual of Systematic Bacteriology, Vol. 3-5, Edn. 2nd.",Prediction based on the characteristics of Veillonella genus. Data retrived from review and not original research article.
sp_veillonella_sp_otu_16,sub_hydrogen_sulfide,PRODUCES,prediction,S4,n/a,n/a,"Bergey's Manual of Systematic Bacteriology, Vol. 3-5, Edn. 2nd.",Prediction based on the characteristics of Veillonella genus. Data retrived from review and not original research article.
sp_veillonella_sp_otu_16,sub_menaquinone,PRODUCES,prediction,,n/a,n/a,Fernandez1987 10.1111/j.1574-6968.1987.tb02191.x,Prediction based on the characteristics of Veillonella genus. Menaquinones with seven isoprene units [MK-7)] are the major respiratory quinones.
sp_veillonella_sp_otu_16,sub_nitrite,PRODUCES,prediction,S4,n/a,n/a,"Bergey's Manual of Systematic Bacteriology, Vol. 3-5, Edn. 2nd.",Prediction based on the characteristics of Veillonella genus. Data retrived from review and not original research article.
sp_veillonella_sp_otu_16,sub_hemin,RELEASES,prediction,S4,n/a,n/a,"Bergey's Manual of Systematic Bacteriology, Vol. 3-5, Edn. 2nd.",Prediction based on the characteristics of Veillonella genus. Data retrived from review and not original research article.
sp_veillonella_sp_otu_16,sub_l_lysine,RELEASES,prediction,S4,https://pubmed.ncbi.nlm.nih.gov/35852319/,n/a,Sakanaka2022 10.1128/msystems.00170-22,Prediction based on the characteristics of Veillonella genus.
sp_veillonella_sp_otu_16,sub_lactic_acid,USES,prediction,S4,n/a,n/a,"Bergey's Manual of Systematic Bacteriology, Vol. 3-5, Edn. 2nd.",Prediction based on the characteristics of Veillonella genus. Data retrived from review and not original research article.
sp_veillonella_sp_otu_16,sub_l_cysteine,USES,prediction,S4,n/a,n/a,"Bergey's Manual of Systematic Bacteriology, Vol. 3-5, Edn. 2nd.",Prediction based on the characteristics of Veillonella genus. Data retrived from review and not original research article.
sp_veillonella_sp_otu_16,sub_nitrate,USES,prediction,S4,n/a,n/a,"Bergey's Manual of Systematic Bacteriology, Vol. 3-5, Edn. 2nd.",Prediction based on the characteristics of Veillonella genus. Data retrived from review and not original research article.
